query_id,source_document,rank
1,annual_report.md,1
1,product_info.md,2
1,policy_document.md,3
2,policy_document.md,1
2,user_guide.md,2
2,product_info.md,3
2,churn_data.md,4
3,product_info.md,1
3,other_documents.md,2
3,user_guide.md,3
4,product_info.md,1
4,policy_document.md,2
4,other_documents.md,3
4,annual_report.md,4
5,policy_document.md,1
5,release_notes.md,2
5,user_guide.md,3
5,other_documents.md,4
6,product_info.md,1
6,user_guide.md,2
6,policy_document.md,3
6,annual_report.md,4
7,user_guide.md,1
7,product_info.md,2
7,policy_document.md,3
8,pricing_sheet.md,1
8,policy_document.md,2
8,user_guide.md,3
8,annual_report.md,4
9,user_guide.md,1
9,policy_document.md,2
9,annual_report.md,3
9,product_info.md,4
10,policy_document.md,1
10,annual_report.md,2
10,faq.md,3
11,annual_report.md,1
11,pricing_sheet.md,2
11,churn_data.md,3
11,faq.md,4
12,user_guide.md,1
12,other_documents.md,2
12,pricing_sheet.md,3
13,policy_document.md,1
13,annual_report.md,2
13,user_guide.md,3
13,product_info.md,4
14,product_info.md,1
14,policy_document.md,2
14,annual_report.md,3
14,faq.md,4
15,policy_document.md,1
15,faq.md,2
15,user_guide.md,3
15,product_info.md,4
16,policy_document.md,1
16,product_info.md,2
16,faq.md,3
17,policy_document.md,1
17,product_info.md,2
17,annual_report.md,3
18,policy_document.md,1
18,annual_report.md,2
18,user_guide.md,3
18,faq.md,4
19,other_documents.md,1
19,annual_report.md,2
19,policy_document.md,3
19,churn_data.md,4
20,policy_document.md,1
20,annual_report.md,2
20,release_notes.md,3
21,faq.md,1
21,annual_report.md,2
21,policy_document.md,3
21,user_guide.md,4
22,annual_report.md,1
22,other_documents.md,2
22,product_info.md,3
22,policy_document.md,4
23,churn_data.md,1
23,product_info.md,2
23,policy_document.md,3
23,annual_report.md,4
24,annual_report.md,1
24,policy_document.md,2
24,faq.md,3
24,other_documents.md,4
25,policy_document.md,1
25,other_documents.md,2
25,faq.md,3
25,pricing_sheet.md,4
26,user_guide.md,1
26,product_info.md,2
26,policy_document.md,3
26,annual_report.md,4
27,policy_document.md,1
27,release_notes.md,2
27,faq.md,3
28,pricing_sheet.md,1
28,annual_report.md,2
28,faq.md,3
29,policy_document.md,1
29,annual_report.md,2
29,user_guide.md,3
30,product_info.md,1
30,user_guide.md,2
30,annual_report.md,3
31,annual_report.md,1
31,user_guide.md,2
31,release_notes.md,3
32,annual_report.md,1
32,other_documents.md,2
32,policy_document.md,3
33,annual_report.md,1
33,user_guide.md,2
33,faq.md,3
34,policy_document.md,1
34,product_info.md,2
34,pricing_sheet.md,3
34,faq.md,4
35,product_info.md,1
35,policy_document.md,2
35,annual_report.md,3
36,policy_document.md,1
36,annual_report.md,2
36,release_notes.md,3
37,policy_document.md,1
37,product_info.md,2
37,annual_report.md,3
37,other_documents.md,4
38,policy_document.md,1
38,annual_report.md,2
38,product_info.md,3
39,policy_document.md,1
39,user_guide.md,2
39,other_documents.md,3
39,annual_report.md,4
40,policy_document.md,1
40,other_documents.md,2
40,faq.md,3
41,policy_document.md,1
41,other_documents.md,2
41,faq.md,3
41,annual_report.md,4
42,user_guide.md,1
42,policy_document.md,2
42,annual_report.md,3
43,product_info.md,1
43,annual_report.md,2
43,user_guide.md,3
43,faq.md,4
44,policy_document.md,1
44,other_documents.md,2
44,annual_report.md,3
45,churn_data.md,1
45,product_info.md,2
45,policy_document.md,3
45,annual_report.md,4
46,product_info.md,1
46,annual_report.md,2
46,faq.md,3
46,policy_document.md,4
47,policy_document.md,1
47,other_documents.md,2
47,annual_report.md,3
48,other_documents.md,1
48,faq.md,2
48,pricing_sheet.md,3
48,product_info.md,4
49,policy_document.md,1
49,product_info.md,2
49,user_guide.md,3
50,user_guide.md,1
50,annual_report.md,2
50,faq.md,3
50,policy_document.md,4
51,annual_report.md,1
51,user_guide.md,2
51,product_info.md,3
51,policy_document.md,4
52,pricing_sheet.md,1
52,user_guide.md,2
52,faq.md,3
53,annual_report.md,1
53,pricing_sheet.md,2
53,faq.md,3
54,release_notes.md,1
54,policy_document.md,2
54,product_info.md,3
54,user_guide.md,4
55,product_info.md,1
55,policy_document.md,2
55,annual_report.md,3
55,faq.md,4
56,user_guide.md,1
56,annual_report.md,2
56,release_notes.md,3
56,policy_document.md,4
57,annual_report.md,1
57,other_documents.md,2
57,product_info.md,3
58,policy_document.md,1
58,product_info.md,2
58,pricing_sheet.md,3
58,release_notes.md,4
59,user_guide.md,1
59,policy_document.md,2
59,other_documents.md,3
59,annual_report.md,4
60,annual_report.md,1
60,user_guide.md,2
60,policy_document.md,3
61,annual_report.md,1
61,release_notes.md,2
61,policy_document.md,3
61,faq.md,4
62,policy_document.md,1
62,annual_report.md,2
62,product_info.md,3
62,release_notes.md,4
63,user_guide.md,1
63,other_documents.md,2
63,policy_document.md,3
63,faq.md,4
64,annual_report.md,1
64,product_info.md,2
64,faq.md,3
65,annual_report.md,1
65,product_info.md,2
65,policy_document.md,3
66,annual_report.md,1
66,product_info.md,2
66,policy_document.md,3
67,policy_document.md,1
67,product_info.md,2
67,user_guide.md,3
68,faq.md,1
68,product_info.md,2
68,annual_report.md,3
68,churn_data.md,4
69,policy_document.md,1
69,annual_report.md,2
69,user_guide.md,3
69,product_info.md,4
70,product_info.md,1
70,user_guide.md,2
70,policy_document.md,3
70,other_documents.md,4
71,product_info.md,1
71,annual_report.md,2
71,pricing_sheet.md,3
71,other_documents.md,4
72,policy_document.md,1
72,annual_report.md,2
72,pricing_sheet.md,3
72,product_info.md,4
73,faq.md,1
73,policy_document.md,2
73,product_info.md,3
73,user_guide.md,4
74,churn_data.md,1
74,policy_document.md,2
74,annual_report.md,3
75,user_guide.md,1
75,annual_report.md,2
75,policy_document.md,3
76,pricing_sheet.md,1
76,policy_document.md,2
76,faq.md,3
76,release_notes.md,4
77,faq.md,1
77,user_guide.md,2
77,product_info.md,3
78,faq.md,1
78,policy_document.md,2
78,user_guide.md,3
78,other_documents.md,4
79,other_documents.md,1
79,churn_data.md,2
79,faq.md,3
79,policy_document.md,4
80,annual_report.md,1
80,product_info.md,2
80,churn_data.md,3
81,annual_report.md,1
81,policy_document.md,2
81,product_info.md,3
81,user_guide.md,4
82,faq.md,1
82,policy_document.md,2
82,annual_report.md,3
82,product_info.md,4
83,product_info.md,1
83,annual_report.md,2
83,churn_data.md,3
84,policy_document.md,1
84,user_guide.md,2
84,other_documents.md,3
84,pricing_sheet.md,4
85,other_documents.md,1
85,policy_document.md,2
85,faq.md,3
85,user_guide.md,4
86,annual_report.md,1
86,policy_document.md,2
86,product_info.md,3
86,churn_data.md,4
87,policy_document.md,1
87,product_info.md,2
87,annual_report.md,3
88,faq.md,1
88,annual_report.md,2
88,policy_document.md,3
89,annual_report.md,1
89,policy_document.md,2
89,other_documents.md,3
90,annual_report.md,1
90,faq.md,2
90,product_info.md,3
90,pricing_sheet.md,4
91,user_guide.md,1
91,annual_report.md,2
91,product_info.md,3
92,annual_report.md,1
92,other_documents.md,2
92,policy_document.md,3
93,annual_report.md,1
93,product_info.md,2
93,policy_document.md,3
93,other_documents.md,4
94,product_info.md,1
94,annual_report.md,2
94,faq.md,3
94,policy_document.md,4
95,product_info.md,1
95,faq.md,2
95,policy_document.md,3
95,annual_report.md,4
96,pricing_sheet.md,1
96,churn_data.md,2
96,release_notes.md,3
96,policy_document.md,4
97,faq.md,1
97,pricing_sheet.md,2
97,other_documents.md,3
97,product_info.md,4
98,user_guide.md,1
98,faq.md,2
98,annual_report.md,3
99,faq.md,1
99,annual_report.md,2
99,policy_document.md,3
99,product_info.md,4
100,churn_data.md,1
100,user_guide.md,2
100,policy_document.md,3
100,other_documents.md,4
101,policy_document.md,1
101,faq.md,2
101,product_info.md,3
102,policy_document.md,1
102,annual_report.md,2
102,product_info.md,3
102,user_guide.md,4
103,policy_document.md,1
103,annual_report.md,2
103,churn_data.md,3
103,user_guide.md,4
104,policy_document.md,1
104,user_guide.md,2
104,product_info.md,3
105,product_info.md,1
105,policy_document.md,2
105,user_guide.md,3
106,other_documents.md,1
106,annual_report.md,2
106,product_info.md,3
106,pricing_sheet.md,4
107,policy_document.md,1
107,faq.md,2
107,product_info.md,3
107,other_documents.md,4
108,annual_report.md,1
108,product_info.md,2
108,policy_document.md,3
109,other_documents.md,1
109,churn_data.md,2
109,product_info.md,3
109,release_notes.md,4
110,user_guide.md,1
110,other_documents.md,2
110,churn_data.md,3
111,policy_document.md,1
111,release_notes.md,2
111,product_info.md,3
111,user_guide.md,4
112,policy_document.md,1
112,other_documents.md,2
112,product_info.md,3
112,faq.md,4
113,policy_document.md,1
113,product_info.md,2
113,user_guide.md,3
114,policy_document.md,1
114,annual_report.md,2
114,other_documents.md,3
115,pricing_sheet.md,1
115,policy_document.md,2
115,annual_report.md,3
116,annual_report.md,1
116,policy_document.md,2
116,faq.md,3
117,annual_report.md,1
117,user_guide.md,2
117,churn_data.md,3
117,other_documents.md,4
118,churn_data.md,1
118,pricing_sheet.md,2
118,product_info.md,3
118,annual_report.md,4
119,policy_document.md,1
119,annual_report.md,2
119,faq.md,3
120,other_documents.md,1
120,annual_report.md,2
120,policy_document.md,3
121,policy_document.md,1
121,faq.md,2
121,annual_report.md,3
121,product_info.md,4
122,policy_document.md,1
122,user_guide.md,2
122,other_documents.md,3
123,policy_document.md,1
123,user_guide.md,2
123,product_info.md,3
124,annual_report.md,1
124,user_guide.md,2
124,other_documents.md,3
124,policy_document.md,4
125,annual_report.md,1
125,policy_document.md,2
125,faq.md,3
125,churn_data.md,4
126,release_notes.md,1
126,annual_report.md,2
126,policy_document.md,3
126,faq.md,4
127,annual_report.md,1
127,policy_document.md,2
127,faq.md,3
127,churn_data.md,4
128,other_documents.md,1
128,release_notes.md,2
128,annual_report.md,3
129,policy_document.md,1
129,annual_report.md,2
129,user_guide.md,3
129,churn_data.md,4
130,policy_document.md,1
130,other_documents.md,2
130,faq.md,3
131,policy_document.md,1
131,user_guide.md,2
131,other_documents.md,3
131,pricing_sheet.md,4
132,policy_document.md,1
132,other_documents.md,2
132,faq.md,3
132,annual_report.md,4
133,policy_document.md,1
133,pricing_sheet.md,2
133,product_info.md,3
134,policy_document.md,1
134,faq.md,2
134,annual_report.md,3
134,user_guide.md,4
135,annual_report.md,1
135,product_info.md,2
135,user_guide.md,3
136,product_info.md,1
136,annual_report.md,2
136,churn_data.md,3
136,other_documents.md,4
137,churn_data.md,1
137,annual_report.md,2
137,faq.md,3
137,policy_document.md,4
138,policy_document.md,1
138,faq.md,2
138,pricing_sheet.md,3
138,other_documents.md,4
139,policy_document.md,1
139,annual_report.md,2
139,other_documents.md,3
140,user_guide.md,1
140,other_documents.md,2
140,policy_document.md,3
140,churn_data.md,4
141,annual_report.md,1
141,policy_document.md,2
141,user_guide.md,3
142,release_notes.md,1
142,churn_data.md,2
142,policy_document.md,3
142,product_info.md,4
143,user_guide.md,1
143,policy_document.md,2
143,annual_report.md,3
143,product_info.md,4
144,other_documents.md,1
144,policy_document.md,2
144,product_info.md,3
144,faq.md,4
145,policy_document.md,1
145,faq.md,2
145,product_info.md,3
145,annual_report.md,4
146,annual_report.md,1
146,policy_document.md,2
146,product_info.md,3
146,pricing_sheet.md,4
147,other_documents.md,1
147,annual_report.md,2
147,user_guide.md,3
147,faq.md,4
148,annual_report.md,1
148,user_guide.md,2
148,faq.md,3
148,policy_document.md,4
149,policy_document.md,1
149,faq.md,2
149,user_guide.md,3
149,annual_report.md,4
150,faq.md,1
150,user_guide.md,2
150,policy_document.md,3
150,annual_report.md,4
151,policy_document.md,1
151,product_info.md,2
151,annual_report.md,3
151,faq.md,4
152,product_info.md,1
152,annual_report.md,2
152,policy_document.md,3
152,other_documents.md,4
153,user_guide.md,1
153,policy_document.md,2
153,faq.md,3
154,faq.md,1
154,policy_document.md,2
154,pricing_sheet.md,3
155,release_notes.md,1
155,user_guide.md,2
155,other_documents.md,3
156,policy_document.md,1
156,faq.md,2
156,pricing_sheet.md,3
157,policy_document.md,1
157,other_documents.md,2
157,annual_report.md,3
158,faq.md,1
158,product_info.md,2
158,user_guide.md,3
159,annual_report.md,1
159,product_info.md,2
159,pricing_sheet.md,3
160,policy_document.md,1
160,annual_report.md,2
160,release_notes.md,3
161,other_documents.md,1
161,policy_document.md,2
161,release_notes.md,3
162,policy_document.md,1
162,churn_data.md,2
162,other_documents.md,3
163,policy_document.md,1
163,annual_report.md,2
163,user_guide.md,3
164,churn_data.md,1
164,user_guide.md,2
164,policy_document.md,3
164,other_documents.md,4
165,policy_document.md,1
165,product_info.md,2
165,annual_report.md,3
166,pricing_sheet.md,1
166,user_guide.md,2
166,annual_report.md,3
166,policy_document.md,4
167,pricing_sheet.md,1
167,annual_report.md,2
167,policy_document.md,3
168,annual_report.md,1
168,user_guide.md,2
168,faq.md,3
169,policy_document.md,1
169,pricing_sheet.md,2
169,user_guide.md,3
169,annual_report.md,4
170,faq.md,1
170,release_notes.md,2
170,user_guide.md,3
170,policy_document.md,4
171,annual_report.md,1
171,product_info.md,2
171,other_documents.md,3
171,policy_document.md,4
172,policy_document.md,1
172,pricing_sheet.md,2
172,churn_data.md,3
173,annual_report.md,1
173,policy_document.md,2
173,other_documents.md,3
173,faq.md,4
174,pricing_sheet.md,1
174,policy_document.md,2
174,product_info.md,3
174,annual_report.md,4
175,policy_document.md,1
175,faq.md,2
175,product_info.md,3
176,policy_document.md,1
176,annual_report.md,2
176,other_documents.md,3
177,product_info.md,1
177,policy_document.md,2
177,faq.md,3
178,policy_document.md,1
178,user_guide.md,2
178,faq.md,3
179,policy_document.md,1
179,user_guide.md,2
179,faq.md,3
179,other_documents.md,4
180,user_guide.md,1
180,other_documents.md,2
180,product_info.md,3
180,pricing_sheet.md,4
181,annual_report.md,1
181,policy_document.md,2
181,product_info.md,3
181,user_guide.md,4
182,policy_document.md,1
182,annual_report.md,2
182,user_guide.md,3
183,policy_document.md,1
183,product_info.md,2
183,faq.md,3
183,churn_data.md,4
184,faq.md,1
184,policy_document.md,2
184,user_guide.md,3
185,faq.md,1
185,policy_document.md,2
185,annual_report.md,3
185,user_guide.md,4
186,policy_document.md,1
186,annual_report.md,2
186,user_guide.md,3
187,policy_document.md,1
187,product_info.md,2
187,annual_report.md,3
187,user_guide.md,4
188,policy_document.md,1
188,product_info.md,2
188,annual_report.md,3
189,annual_report.md,1
189,user_guide.md,2
189,policy_document.md,3
189,release_notes.md,4
190,faq.md,1
190,policy_document.md,2
190,annual_report.md,3
191,user_guide.md,1
191,policy_document.md,2
191,product_info.md,3
191,faq.md,4
192,release_notes.md,1
192,policy_document.md,2
192,product_info.md,3
192,faq.md,4
193,product_info.md,1
193,policy_document.md,2
193,faq.md,3
193,user_guide.md,4
194,product_info.md,1
194,policy_document.md,2
194,annual_report.md,3
194,release_notes.md,4
195,faq.md,1
195,user_guide.md,2
195,pricing_sheet.md,3
195,churn_data.md,4
196,annual_report.md,1
196,faq.md,2
196,product_info.md,3
197,product_info.md,1
197,user_guide.md,2
197,policy_document.md,3
197,pricing_sheet.md,4
198,annual_report.md,1
198,policy_document.md,2
198,product_info.md,3
199,product_info.md,1
199,policy_document.md,2
199,release_notes.md,3
199,annual_report.md,4
200,policy_document.md,1
200,release_notes.md,2
200,product_info.md,3
200,churn_data.md,4
201,user_guide.md,1
201,policy_document.md,2
201,annual_report.md,3
202,annual_report.md,1
202,other_documents.md,2
202,policy_document.md,3
202,user_guide.md,4
203,annual_report.md,1
203,policy_document.md,2
203,other_documents.md,3
204,policy_document.md,1
204,annual_report.md,2
204,other_documents.md,3
204,user_guide.md,4
205,annual_report.md,1
205,policy_document.md,2
205,product_info.md,3
206,annual_report.md,1
206,release_notes.md,2
206,product_info.md,3
206,user_guide.md,4
207,release_notes.md,1
207,faq.md,2
207,pricing_sheet.md,3
207,other_documents.md,4
208,product_info.md,1
208,policy_document.md,2
208,faq.md,3
208,annual_report.md,4
209,faq.md,1
209,policy_document.md,2
209,product_info.md,3
209,other_documents.md,4
210,annual_report.md,1
210,product_info.md,2
210,policy_document.md,3
211,policy_document.md,1
211,pricing_sheet.md,2
211,user_guide.md,3
211,product_info.md,4
212,annual_report.md,1
212,faq.md,2
212,user_guide.md,3
213,faq.md,1
213,policy_document.md,2
213,annual_report.md,3
214,product_info.md,1
214,annual_report.md,2
214,policy_document.md,3
215,policy_document.md,1
215,product_info.md,2
215,faq.md,3
216,policy_document.md,1
216,faq.md,2
216,annual_report.md,3
216,release_notes.md,4
217,policy_document.md,1
217,product_info.md,2
217,pricing_sheet.md,3
217,annual_report.md,4
218,policy_document.md,1
218,release_notes.md,2
218,other_documents.md,3
219,annual_report.md,1
219,policy_document.md,2
219,faq.md,3
220,policy_document.md,1
220,annual_report.md,2
220,pricing_sheet.md,3
220,user_guide.md,4
221,annual_report.md,1
221,policy_document.md,2
221,user_guide.md,3
221,churn_data.md,4
222,policy_document.md,1
222,product_info.md,2
222,faq.md,3
223,policy_document.md,1
223,user_guide.md,2
223,faq.md,3
224,policy_document.md,1
224,product_info.md,2
224,user_guide.md,3
224,annual_report.md,4
225,policy_document.md,1
225,annual_report.md,2
225,user_guide.md,3
225,pricing_sheet.md,4
226,policy_document.md,1
226,other_documents.md,2
226,pricing_sheet.md,3
226,product_info.md,4
227,pricing_sheet.md,1
227,product_info.md,2
227,annual_report.md,3
228,annual_report.md,1
228,policy_document.md,2
228,faq.md,3
228,product_info.md,4
229,product_info.md,1
229,annual_report.md,2
229,user_guide.md,3
230,other_documents.md,1
230,policy_document.md,2
230,product_info.md,3
231,policy_document.md,1
231,annual_report.md,2
231,faq.md,3
231,user_guide.md,4
232,release_notes.md,1
232,product_info.md,2
232,policy_document.md,3
232,other_documents.md,4
233,policy_document.md,1
233,product_info.md,2
233,faq.md,3
233,annual_report.md,4
234,policy_document.md,1
234,other_documents.md,2
234,product_info.md,3
234,annual_report.md,4
235,faq.md,1
235,policy_document.md,2
235,other_documents.md,3
235,annual_report.md,4
236,policy_document.md,1
236,product_info.md,2
236,user_guide.md,3
236,release_notes.md,4
237,user_guide.md,1
237,annual_report.md,2
237,policy_document.md,3
237,product_info.md,4
238,pricing_sheet.md,1
238,policy_document.md,2
238,other_documents.md,3
238,user_guide.md,4
239,other_documents.md,1
239,policy_document.md,2
239,product_info.md,3
239,annual_report.md,4
240,user_guide.md,1
240,churn_data.md,2
240,product_info.md,3
240,policy_document.md,4
241,user_guide.md,1
241,product_info.md,2
241,policy_document.md,3
241,annual_report.md,4
242,policy_document.md,1
242,user_guide.md,2
242,annual_report.md,3
243,annual_report.md,1
243,faq.md,2
243,product_info.md,3
243,policy_document.md,4
244,policy_document.md,1
244,annual_report.md,2
244,product_info.md,3
245,policy_document.md,1
245,annual_report.md,2
245,user_guide.md,3
245,product_info.md,4
246,policy_document.md,1
246,annual_report.md,2
246,user_guide.md,3
247,user_guide.md,1
247,product_info.md,2
247,policy_document.md,3
247,annual_report.md,4
248,policy_document.md,1
248,other_documents.md,2
248,faq.md,3
249,annual_report.md,1
249,user_guide.md,2
249,product_info.md,3
250,user_guide.md,1
250,policy_document.md,2
250,annual_report.md,3
250,other_documents.md,4
251,churn_data.md,1
251,policy_document.md,2
251,product_info.md,3
251,user_guide.md,4
252,policy_document.md,1
252,faq.md,2
252,annual_report.md,3
252,product_info.md,4
253,policy_document.md,1
253,pricing_sheet.md,2
253,user_guide.md,3
253,faq.md,4
254,release_notes.md,1
254,policy_document.md,2
254,user_guide.md,3
255,policy_document.md,1
255,annual_report.md,2
255,faq.md,3
256,user_guide.md,1
256,annual_report.md,2
256,policy_document.md,3
256,other_documents.md,4
257,other_documents.md,1
257,faq.md,2
257,product_info.md,3
257,policy_document.md,4
258,product_info.md,1
258,policy_document.md,2
258,churn_data.md,3
259,policy_document.md,1
259,release_notes.md,2
259,annual_report.md,3
260,policy_document.md,1
260,product_info.md,2
260,user_guide.md,3
260,annual_report.md,4
261,policy_document.md,1
261,other_documents.md,2
261,churn_data.md,3
261,annual_report.md,4
262,policy_document.md,1
262,product_info.md,2
262,other_documents.md,3
262,user_guide.md,4
263,policy_document.md,1
263,faq.md,2
263,product_info.md,3
263,annual_report.md,4
264,user_guide.md,1
264,policy_document.md,2
264,other_documents.md,3
265,product_info.md,1
265,policy_document.md,2
265,faq.md,3
265,user_guide.md,4
266,annual_report.md,1
266,policy_document.md,2
266,faq.md,3
267,policy_document.md,1
267,product_info.md,2
267,pricing_sheet.md,3
267,annual_report.md,4
268,policy_document.md,1
268,product_info.md,2
268,user_guide.md,3
268,annual_report.md,4
269,annual_report.md,1
269,product_info.md,2
269,user_guide.md,3
270,policy_document.md,1
270,product_info.md,2
270,user_guide.md,3
270,annual_report.md,4
271,other_documents.md,1
271,annual_report.md,2
271,policy_document.md,3
272,policy_document.md,1
272,annual_report.md,2
272,product_info.md,3
273,product_info.md,1
273,other_documents.md,2
273,annual_report.md,3
274,policy_document.md,1
274,annual_report.md,2
274,user_guide.md,3
274,faq.md,4
275,annual_report.md,1
275,faq.md,2
275,user_guide.md,3
276,release_notes.md,1
276,policy_document.md,2
276,product_info.md,3
277,release_notes.md,1
277,product_info.md,2
277,policy_document.md,3
277,other_documents.md,4
278,annual_report.md,1
278,policy_document.md,2
278,product_info.md,3
278,faq.md,4
279,annual_report.md,1
279,policy_document.md,2
279,faq.md,3
280,annual_report.md,1
280,pricing_sheet.md,2
280,user_guide.md,3
280,policy_document.md,4
281,policy_document.md,1
281,faq.md,2
281,product_info.md,3
282,churn_data.md,1
282,policy_document.md,2
282,annual_report.md,3
282,product_info.md,4
283,product_info.md,1
283,policy_document.md,2
283,user_guide.md,3
283,annual_report.md,4
284,product_info.md,1
284,other_documents.md,2
284,policy_document.md,3
284,annual_report.md,4
285,product_info.md,1
285,policy_document.md,2
285,annual_report.md,3
285,user_guide.md,4
286,faq.md,1
286,product_info.md,2
286,policy_document.md,3
287,policy_document.md,1
287,user_guide.md,2
287,annual_report.md,3
288,policy_document.md,1
288,annual_report.md,2
288,user_guide.md,3
288,product_info.md,4
289,other_documents.md,1
289,annual_report.md,2
289,faq.md,3
290,faq.md,1
290,user_guide.md,2
290,policy_document.md,3
290,product_info.md,4
291,policy_document.md,1
291,annual_report.md,2
291,pricing_sheet.md,3
292,policy_document.md,1
292,product_info.md,2
292,faq.md,3
293,product_info.md,1
293,policy_document.md,2
293,user_guide.md,3
294,product_info.md,1
294,annual_report.md,2
294,policy_document.md,3
294,other_documents.md,4
295,policy_document.md,1
295,product_info.md,2
295,annual_report.md,3
295,user_guide.md,4
296,policy_document.md,1
296,faq.md,2
296,annual_report.md,3
297,policy_document.md,1
297,faq.md,2
297,product_info.md,3
298,faq.md,1
298,policy_document.md,2
298,product_info.md,3
299,user_guide.md,1
299,policy_document.md,2
299,product_info.md,3
300,policy_document.md,1
300,product_info.md,2
300,annual_report.md,3
300,pricing_sheet.md,4
301,policy_document.md,1
301,annual_report.md,2
301,other_documents.md,3
301,product_info.md,4
302,policy_document.md,1
302,annual_report.md,2
302,product_info.md,3
302,user_guide.md,4
303,policy_document.md,1
303,annual_report.md,2
303,product_info.md,3
303,faq.md,4
304,policy_document.md,1
304,annual_report.md,2
304,user_guide.md,3
305,policy_document.md,1
305,user_guide.md,2
305,faq.md,3
305,annual_report.md,4
306,policy_document.md,1
306,annual_report.md,2
306,product_info.md,3
306,faq.md,4
307,annual_report.md,1
307,policy_document.md,2
307,other_documents.md,3
308,annual_report.md,1
308,policy_document.md,2
308,release_notes.md,3
308,user_guide.md,4
309,policy_document.md,1
309,annual_report.md,2
309,product_info.md,3
310,faq.md,1
310,annual_report.md,2
310,policy_document.md,3
310,other_documents.md,4
311,annual_report.md,1
311,policy_document.md,2
311,pricing_sheet.md,3
311,other_documents.md,4
312,policy_document.md,1
312,annual_report.md,2
312,product_info.md,3
313,policy_document.md,1
313,annual_report.md,2
313,product_info.md,3
313,user_guide.md,4
314,annual_report.md,1
314,faq.md,2
314,policy_document.md,3
315,product_info.md,1
315,annual_report.md,2
315,policy_document.md,3
315,other_documents.md,4
316,policy_document.md,1
316,product_info.md,2
316,annual_report.md,3
317,policy_document.md,1
317,product_info.md,2
317,annual_report.md,3
318,policy_document.md,1
318,product_info.md,2
318,annual_report.md,3
318,user_guide.md,4
319,policy_document.md,1
319,annual_report.md,2
319,product_info.md,3
319,faq.md,4
320,policy_document.md,1
320,annual_report.md,2
320,product_info.md,3
321,policy_document.md,1
321,product_info.md,2
321,other_documents.md,3
321,user_guide.md,4
322,annual_report.md,1
322,policy_document.md,2
322,pricing_sheet.md,3
323,policy_document.md,1
323,annual_report.md,2
323,product_info.md,3
324,policy_document.md,1
324,annual_report.md,2
324,product_info.md,3
325,policy_document.md,1
325,annual_report.md,2
325,product_info.md,3
325,user_guide.md,4
326,policy_document.md,1
326,annual_report.md,2
326,product_info.md,3
326,user_guide.md,4
327,policy_document.md,1
327,annual_report.md,2
327,release_notes.md,3
327,churn_data.md,4
328,policy_document.md,1
328,annual_report.md,2
328,faq.md,3
329,policy_document.md,1
329,annual_report.md,2
329,product_info.md,3
330,policy_document.md,1
330,product_info.md,2
330,faq.md,3
331,policy_document.md,1
331,churn_data.md,2
331,faq.md,3
331,pricing_sheet.md,4
332,policy_document.md,1
332,product_info.md,2
332,churn_data.md,3
332,other_documents.md,4
333,policy_document.md,1
333,annual_report.md,2
333,faq.md,3
334,policy_document.md,1
334,other_documents.md,2
334,user_guide.md,3
334,pricing_sheet.md,4
335,policy_document.md,1
335,annual_report.md,2
335,faq.md,3
336,policy_document.md,1
336,faq.md,2
336,churn_data.md,3
336,annual_report.md,4
337,policy_document.md,1
337,other_documents.md,2
337,faq.md,3
338,policy_document.md,1
338,pricing_sheet.md,2
338,churn_data.md,3
338,product_info.md,4
339,policy_document.md,1
339,churn_data.md,2
339,pricing_sheet.md,3
340,policy_document.md,1
340,pricing_sheet.md,2
340,user_guide.md,3
340,release_notes.md,4
341,policy_document.md,1
341,user_guide.md,2
341,faq.md,3
342,policy_document.md,1
342,release_notes.md,2
342,product_info.md,3
342,other_documents.md,4
343,policy_document.md,1
343,churn_data.md,2
343,annual_report.md,3
344,faq.md,1
344,policy_document.md,2
345,user_guide.md,1
345,policy_document.md,2
346,churn_data.md,1
347,annual_report.md,1
347,product_info.md,2
348,annual_report.md,1
348,policy_document.md,2
